<?xml version="1.0" encoding="UTF-8" standalone="no"?>
<Entities>
    <ExtensionPackages>
        <ExtensionPackage dependsOn="" description="Extension for creating PDF reports that contain a specific mashup, displayed like in the browser." minimumThingWorxVersion="9.0.0" name="PDFExtension" packageVersion="4.0.3" vendor="Foxon s.r.o.">
            <JarResources>
                <FileResource description="" file="pdfextension.jar" type="JAR"/>
                <FileResource description="" file="itext-2.1.7.jar" type="JAR"/>
                <FileResource description="" file="bcmail-jdk14-1.38.jar" type="JAR"/>
                <FileResource description="" file="selenium-api-3.141.59.jar" type="JAR"/>
                <FileResource description="" file="selenium-chrome-driver-3.141.59.jar" type="JAR"/>
                <FileResource description="" file="selenium-java-3.141.59.jar" type="JAR"/>
                <FileResource description="" file="selenium-remote-driver-3.141.59.jar" type="JAR"/>
                <FileResource description="" file="browsermob-core-2.1.5.jar" type="JAR"/>
                <FileResource description="" file="mitm-2.1.5.jar" type="JAR"/>
                <FileResource description="" file="okio-1.14.0.jar" type="JAR"/>
                <FileResource description="" file="animal-sniffer-annotations-1.14.jar" type="JAR"/>
                <FileResource description="" file="bcpkix-jdk15on-1.66.jar" type="JAR"/>
                <FileResource description="" file="byte-buddy-1.8.15.jar" type="JAR"/>
                <FileResource description="" file="commons-exec-1.3.jar" type="JAR"/>
                <FileResource description="" file="dnsjava-2.1.8.jar" type="JAR"/>
                <FileResource description="" file="guava-30.1.1-jre.jar" type="JAR"/>
                <FileResource description="" file="jcl-over-slf4j-1.7.25.jar" type="JAR"/>
                <FileResource description="" file="jzlib-1.1.3.jar" type="JAR"/>
                <FileResource description="" file="mitm-2.1.5.jar" type="JAR"/>
                <FileResource description="" file="netty-all-4.1.60.Final.jar" type="JAR"/>
                <FileResource description="" file="okhttp-3.11.0.jar" type="JAR"/>
                <FileResource description="" file="selenium-support-3.141.59.jar" type="JAR"/>
				<FileResource description="" file="littleproxy-1.1.0-beta-bmp-17.jar" type="JAR"/>
            </JarResources>
        </ExtensionPackage>
    </ExtensionPackages>
    <Resources>
        <Resource aspect.isCreatable="false" aspect.isEditableExtensionObject="false" className="PDFExport" description="" name="PDFExport"/>
    </Resources>
</Entities>